Question,Negative_Name 1,Negative_Name 2,Neutral_Name 1,Neutral_Name 2,Positive_Name 1,Positive_Name 2
Question_1,0.0044,0.026,3.8348,3.648,1.1384,1.2984
Question_2,0.0072,0.032,4.1456,3.9164,0.8288,1.0284
Question_3,0.0024000000000000002,0.013200000000000002,4.454,4.2592,0.48560000000000003,0.6956
Question_4,0.0088,0.027200000000000002,3.6064000000000003,3.468,1.3592,1.4835999999999998
Question_5,0.0024000000000000002,0.0148,2.9316,3.0652,1.6696,1.694
