Model,Character,Lexical Richness
GPT-4o,Name 1,0.9648810355092274
GPT-4o,Name 2,0.9535871848962101
LLaMA 3.1,Name 1,0.9573989871212829
LLaMA 3.1,Name 2,0.9646614776540362
Mistral,Name 1,0.9236355871828177
Mistral,Name 2,0.9153625760391538
Phi-4,Name 1,0.9384000195943889
Phi-4,Name 2,0.929692978948121
Qwen2.5,Name 1,0.9574327899337649
Qwen2.5,Name 2,0.9523235742549927
