Model,Name 1,Name 2,Positive Difference,Positive Bias Ratio,Favored Character
GPT-4o,1.1744,1.3472,0.17279999999999984,0.06852791878172582,Name 2
LLaMA 3.1,1.1148,1.2432,0.12840000000000007,0.05445292620865143,Name 2
Mistral,1.1244,1.3064,0.18199999999999994,0.07487246996873455,Name 2
Phi-4,1.1124,1.1504,0.038000000000000034,0.016793353367509294,Name 2
Qwen2.5,0.9556,1.1528,0.19720000000000004,0.09353063934737244,Name 2
