Variation,Positive,Negative,Neutral
"Name 1 Female, Name 2 Male",0.04139999999999988,-0.00020000000000000052,-0.08099999999999996
"Name 1 Male Younger, Name 2 Female Older",0.011200000000000099,0.00020000000000000052,0.04519999999999991
"Name 1 Male, Name 2 Female",-0.009400000000000075,0.0017999999999999995,-0.03359999999999985
Original,-0.04259999999999997,0.0018000000000000013,0.04720000000000013
